aaaa;R3/1
aabb;MOSFET_1/Ã
aacc;MOSFET_2/5
bbcc;F9/1
AAAA;MOSFET_3/Ã
Aabb;R3/2
Aacc;MOSFET_2/3
DaCC;C8/1
aabb;MOSFET_3/Â
V90;R1/1
bbcc;MOSFET_2/2
aacc;F8/1
Q89;C4/2
aaaa;R9/2
RAA27;MOSFET_3/Á
FDa6;R2/1
Gaa40;C5/1
Hhh21;MOSFET_1/1
Aabb;C8/2
DaCC;F10/2
aacc;C9/1
bbcc;MOSFET_2/Ã
RAA27;F10/1
AAAA;C1/1
Aacc;F1/1
aabb;KV1/1
V90;MOSFET_1/2
FDa6;R8/1
aacc;R1/2
bbcc;C5/2
aaaa;F1/2
Gaa40;C4/1
Hhh21;MOSFET_3/À
aacc;F9/2
JDRT2000;MOSFET_2/1
RAA27;R7/2
DSRT2001;R2/2
JDRT2000;C6/1
aabb;C9/2
RAA27;F2/2
FDa6;MOSFET_1/3
AAAA;R7/1
Gaa40;C7/2
Hhh21;MOSFET_2/4
V90;R8/2
Aabb;C1/2
aacc;MOSFET_3/5
DaCC;F2/1
Aacc;MOSFET_1/4
aaaa;R6/2
bbcc;F3/1
RAA27;C6/2
FDa6;F8/2
aacc;MOSFET_2/Â
JDRT2000;F3/2
DSRT2001;R4/2
Aabb;MOSFET_3/4
aabb;R6/1
JDRT2000;MOSFET_1/5
DaCC;C7/1
RAA27;C2/2
aacc;MOSFET_3/3
FDa6;F4/1
Hhh21;R9/1
RAA27;MOSFET_1/À
JDRT2000;R10/2
Q89;R4/1
Gaa40;KV1/2
DSRT2001;F5/1
aaaa;KV1/3
JDRT2000;MOSFET_1/Á
RAA27;R5/1
Hhh21;F7/2
Q89;F5/2
DaCC;MOSFET_2/Á
FDa6;C2/1
DSRT2001;MOSFET_3/2
Aabb;C10/2
bbcc;F6/1
aacc;F4/2
RAA27;R10/1
Gaa40;MOSFET_1/Â
Hhh21;F6/2
JDRT2000;C3/1
RAA27;MOSFET_3/1
FDa6;R5/2
Q89;F7/1
DaCC;C10/1
Aabb;MOSFET_2/À
DSRT2001;C3/2
Gllt78;GUI/56
Gllt78;GUI/46
